Column,Missing_Count,Availability_Ratio,Data_Type,Unique_Values,Frequent_Values
Address,0,100.0,integer,8582,100013010: 4; 122031070: 4; 7104064: 3
DYCOL01,0,100.0,integer,7,"22113: 3,621; 22111: 2,468; 22112: 1,302"
DYCOL02,0,100.0,integer,7,"1: 9,089; 7: 92; 6: 5"
DYCOL03,9186,0.09787928221859366,integer,4,500: 7; 960: 1; 600: 1
DYCOL04,1449,84.24143556280588,integer,156,"600: 2,933; 300: 1,160; 1200: 422"
DYCOL05,1445,84.28493746601413,integer,137,"150: 1,428; 200: 1,412; 100: 917"
DYCOL06,0,100.0,string,476,0000060000: 729; 0000090000: 704; 0000120000: 701
DYCOL07,9195,-0.0,integer,1,
