Column,Missing_Count,Availability_Ratio,Data_Type,Unique_Values,Frequent_Values
ADDRESS,0,100.0,integer,9132,2152173: 4; 25012086: 4; 12051057: 4
DYCOL01,0,100.0,integer,7,"22113: 3,533; 22111: 2,577; 22112: 1,618"
DYCOL02,0,100.0,integer,5,"1: 9,723; 7: 125; 3: 2"
DYCOL03,9850,0.02030044660982222,integer,3,900: 1; 330: 1
DYCOL04,1664,83.11002842062524,integer,154,"600: 3,255; 300: 1,326; 1200: 443"
DYCOL05,1664,83.11002842062524,integer,115,"150: 1,451; 200: 1,184; 250: 1,121"
DYCOL06,0,100.0,integer,437,90000: 773; 60000: 684; 120000: 649
