Column,Missing_Count,Availability_Ratio,Data_Type,Unique_Values,Frequent_Values
Address,0,100.0,integer,8711,26033097: 3; 126034048: 3; 122022041: 3
DYCOL01,0,100.0,integer,6,"22113: 4,048; 22111: 2,413; 22112: 1,417"
DYCOL02,0,100.0,integer,5,"1: 9,254; 7: 114; 6: 4"
DYCOL03,9376,0.010664391596459932,integer,2,500: 1
DYCOL04,1496,84.04607017169671,integer,144,"600: 3,122; 300: 1,262; 1200: 419"
DYCOL05,1496,84.04607017169671,integer,118,"250: 1,561; 150: 978; 200: 917"
DYCOL06,0,100.0,integer,450,150000: 871; 90000: 609; 60000: 553
