Column,Missing_Count,Availability_Ratio,Data_Type,Unique_Values,Frequent_Values
Address,0,100.0,integer,10072,1133535002: 4; 2072017005: 3; 2164253004: 3
DYCOL01,0,100.0,integer,6,"22113: 4,413; 22111: 2,873; 22112: 1,732"
DYCOL02,0,100.0,integer,6,"1: 10,605; 7: 101; 3: 3"
DYCOL03,10716,-0.0,integer,1,
DYCOL04,1698,84.1545352743561,integer,127,"600: 3,737; 300: 1,424; 1200: 492"
DYCOL05,1698,84.1545352743561,integer,113,"250: 1,374; 300: 1,209; 200: 1,175"
DYCOL06,0,100.0,integer,405,150000: 777; 120000: 736; 60000: 643
