Column,Missing_Count,Availability_Ratio,Data_Type,Unique_Values,Frequent_Values
Address,0,100.0,integer,9043,2070219001: 3; 2140187003: 3; 1100102002: 3
DYCOL01,0,100.0,integer,6,"22113: 3,894; 22111: 2,575; 22112: 1,740"
DYCOL02,0,100.0,integer,7,"1: 9,469; 7: 103; 5: 3"
DYCOL03,9582,-0.0,integer,1,
DYCOL04,1373,85.67104988520143,integer,128,"600: 3,204; 300: 1,279; 1200: 498"
DYCOL05,1373,85.67104988520143,integer,112,"250: 1,580; 200: 1,021; 500: 871"
DYCOL06,0,100.0,integer,385,150000: 959; 120000: 644; 300000: 511
