Column,Missing_Count,Availability_Ratio,Data_Type,Unique_Values,Frequent_Values
Address,0,100.0,integer,8539,2020045005: 3; 2090082072: 3; 1090098125: 3
DYCOL01,0,100.0,integer,5,"22111: 4,476; 22113: 3,155; 22115: 803"
DYCOL02,0,100.0,integer,5,"1: 8,878; 7: 66; 6: 4"
DYCOL03,8952,-0.0,integer,1,
DYCOL04,1321,85.24352100089365,integer,139,"600: 3,031; 300: 1,074; 1200: 498"
DYCOL05,1321,85.24352100089365,integer,113,"250: 1,859; 500: 1,176; 300: 1,065"
DYCOL06,0,100.0,integer,382,"150000: 1,150; 300000: 669; 180000: 573"
