Column,Missing_Count,Availability_Ratio,Data_Type,Unique_Values,Frequent_Values
Address,0,100.0,integer,7306,20916220225: 3; 11010237716: 3; 10511117013: 3
DYCOL01,0,100.0,integer,5,"22111: 3,373; 22113: 3,122; 23111: 659"
DYCOL02,0,100.0,integer,5,"1: 7,670; 7: 51; 5: 5"
DYCOL03,7729,-0.0,integer,1,
DYCOL04,1234,84.03415707077242,integer,115,"600: 2,646; 300: 1,010; 1200: 377"
DYCOL05,4172,46.0214775520766,integer,60,750: 820; 1000: 664; 500: 438
DYCOL06,0,100.0,integer,335,450000: 855; 300000: 731; 600000: 684
