Column,Missing_Count,Availability_Ratio,Data_Type,Unique_Values,Frequent_Values
Address,0,100.0,integer,7186,20006016332: 3; 10001001620: 3; 21303307634: 3
DYCOL01,0,100.0,integer,5,"22111: 3,239; 22113: 3,108; 23111: 694"
DYCOL02,0,100.0,integer,5,"1: 7,572; 7: 57; 6: 3"
DYCOL03,7634,-0.0,integer,1,
DYCOL04,1287,83.14121037463977,integer,127,"600: 2,537; 300: 966; 1200: 369"
DYCOL05,1287,83.14121037463977,integer,81,"1000: 1,361; 750: 1,195; 1500: 724"
DYCOL06,0,100.0,integer,334,450000: 720; 600000: 718; 300000: 619
