Column,Missing_Count,Availability_Ratio,Data_Type,Unique_Values,Frequent_Values
Address,0,100.0,integer,7566,11904409038: 3; 11305300535: 3; 22705593534: 3
DYCOL01,0,100.0,integer,5,"22113: 3,329; 22111: 3,187; 23111: 855"
DYCOL02,0,100.0,integer,4,"1: 8,026; 7: 52; 5: 1"
DYCOL03,8080,-0.0,integer,1,
DYCOL04,1564,80.64356435643565,integer,113,"600: 2,591; 300: 1,029; 1200: 362"
DYCOL05,1564,80.64356435643565,floating,123,"1000.0: 1,460; 750.0: 1,057; 1500.0: 723"
DYCOL06,0,100.0,integer,455,600000: 733; 450000: 709; 300000: 522
