Column,Missing_Count,Availability_Ratio,Data_Type,Unique_Values,Frequent_Values
Address,0,100.0,integer,7669,11904226314: 4; 10808101005: 3; 20608456117: 3
DYCOL01,0,100.0,integer,5,"22113: 3,286; 22111: 3,254; 23111: 837"
DYCOL02,0,100.0,integer,5,"1: 8,163; 7: 54; 8: 1"
DYCOL03,8220,-0.0,integer,1,
DYCOL04,1680,79.56204379562044,integer,132,"600: 2,442; 300: 1,042; 200: 437"
DYCOL05,1680,79.56204379562044,integer,100,"2000: 1,276; 2500: 1,087; 1500: 763"
DYCOL06,0,100.0,integer,361,1500000: 650; 1200000: 614; 600000: 596
