Column,Missing_Count,Availability_Ratio,Data_Type,Unique_Values,Frequent_Values
Address,0,100.0,integer,7417,11402176317: 4; 20320424911: 3; 22603660423: 3
DYCOL01,0,100.0,integer,5,"22111: 3,286; 22113: 3,095; 23111: 798"
DYCOL02,0,100.0,integer,6,"1: 7,868; 7: 47; 8: 2"
DYCOL03,7921,-0.0,integer,1,
DYCOL04,4782,39.62883474308799,integer,114,"600: 1,137; 300: 508; 200: 200"
DYCOL05,1540,80.55801035222825,integer,97,"2500: 1,588; 2000: 1,406; 3000: 857"
DYCOL06,0,100.0,integer,354,1500000: 953; 1200000: 673; 600000: 436
