Column,Missing_Count,Availability_Ratio,Data_Type,Unique_Values,Frequent_Values
Address,0,100.0,integer,6456,22701665015: 3; 21304539426: 3; 11601193420: 3
DYCOL01,0,100.0,integer,5,"22111: 3,120; 22113: 2,442; 22115: 641"
DYCOL02,0,100.0,integer,5,"1: 6,763; 7: 44; 5: 3"
DYCOL03,6814,-0.0,integer,1,
DYCOL04,4147,39.14000587026709,integer,91,600: 889; 300: 447; 200: 177
DYCOL05,1252,81.62606398591136,integer,95,2500: 983; 3000: 911; 4000: 602
DYCOL06,0,100.0,integer,364,1500000: 569; 1800000: 424; 3000000: 339
