Column,Missing_Count,Availability_Ratio,Data_Type,Unique_Values,Frequent_Values
Address,0,100.0,integer,6434,20712470322: 3; 20608456126: 3; 21609571627: 3
DYCOL01,0,100.0,integer,5,"22111: 3,249; 22113: 2,256; 22115: 673"
DYCOL02,0,100.0,integer,5,"1: 6,783; 7: 35; 8: 6"
DYCOL03,6828,-0.0,integer,1,
DYCOL04,1323,80.62390158172232,integer,139,"600: 1,955; 300: 867; 200: 326"
DYCOL05,1323,80.62390158172232,integer,107,"5000: 1,100; 4000: 782; 3000: 647"
DYCOL06,0,100.0,integer,412,3000000: 615; 1500000: 429; 2400000: 394
