Column,Missing_Count,Availability_Ratio,Data_Type,Unique_Values,Frequent_Values
ADDRESS,0,100.0,integer,13214,12101: 25; 1023104: 25; 1023001: 24
COL1,0,100.0,integer,86,"21463: 3,777; 22251: 3,455; 21113: 3,398"
COL3,116,99.80181103707501,integer,8,"2: 57,457; 3: 563; 7: 273"
COL4,115,99.80351956261745,integer,3,"0: 57,541; 1: 874"
COL5,23254,60.269947035708185,integer,87,"1: 16,471; 2: 9,039; 3: 4,170"
COL6,0,100.0,integer,756,"3000: 2,305; 1000: 2,265; 2000: 1,994"
