Column,Missing_Count,Availability_Ratio,Data_Type,Unique_Values,Frequent_Values
ADDRESS,0,100.0,integer,8798,21110: 23; 21106: 20; 173002: 20
COL1,0,100.0,integer,49,"21419: 2,689; 21441: 2,419; 21317: 2,383"
COL3,46,99.87350474357211,integer,8,"2: 35,828; 3: 313; 7: 130"
COL4,43,99.88175443420872,integer,3,"0: 36,259; 1: 63"
COL5,0,100.0,integer,576,"2000: 1,502; 1000: 1,491; 3000: 1,401"
