Column,Missing_Count,Availability_Ratio,Data_Type,Unique_Values,Frequent_Values
ADDRESS,0,100.0,integer,5697,1033017: 60; 1152015: 39; 1212009: 39
COL1,0,100.0,integer,207,"17127: 5,274; 17411: 4,657; 14210: 4,519"
COL3,20,99.96834591583179,integer,9,"2: 35,457; 1: 21,405; 6: 3,798"
COL4_5,2299,96.36136302486429,floating,753,"1.0: 7,867; 2.0: 5,593; 0.5: 3,769"
COL6,2477,96.07964167576722,floating,2254,"300.0: 2,156; 200.0: 2,028; 100.0: 2,023"
