Column,Missing_Count,Availability_Ratio,Data_Type,Unique_Values,Frequent_Values
ADDRESS,0,100.0,integer,8221,1123011: 40; 1233073: 40; 1102044: 39
COL1,0,100.0,integer,204,"17127: 7,620; 17411: 6,643; 14210: 6,631"
COL3,0,100.0,integer,8,"2: 55,020; 1: 28,744; 6: 5,250"
COL4_5,3540,96.18024083905217,floating,856,"1.0: 11,081; 2.0: 9,048; 0.5: 5,425"
COL6,3597,96.11873624239286,floating,2492,"300.0: 3,559; 200.0: 3,074; 100.0: 2,797"
