Column,Missing_Count,Availability_Ratio,Data_Type,Unique_Values,Frequent_Values
ADDRESS,0,100.0,integer,11391,1124068: 54; 1132013: 42; 1132072: 41
COL1,0,100.0,integer,206,"17127: 11,284; 17411: 9,755; 14210: 9,641"
COL3,0,100.0,integer,8,"2: 83,860; 1: 38,402; 6: 8,769"
COL4_5,4677,96.57116464567969,floating,932,"1.0: 17,239; 2.0: 13,452; 0.5: 8,479"
COL6,4906,96.40327854430288,floating,2500,"200.0: 5,216; 300.0: 4,986; 100.0: 4,206"
