Column,Missing_Count,Availability_Ratio,Data_Type,Unique_Values,Frequent_Values
ADDRESS,0,100.0,integer,12697,21110: 75; 1053075: 64; 1021045: 62
COL1,0,100.0,integer,153,"14210: 14,373; 17116: 14,228; 13410: 11,178"
COL3,204,99.93021012226913,integer,8,"2: 275,644; 3: 6,661; 6: 5,715"
COL4,404,99.86178867351337,integer,3,"0: 255,445; 1: 36,457"
COL5_6,11131,96.1920042694984,floating,1771,"2.0: 39,848; 1.0: 33,312; 3.0: 28,146"
COL7,11157,96.18310948116016,integer,1354,"300: 19,497; 400: 14,672; 500: 13,567"
COL8,0,100.0,integer,2548,"2000: 12,050; 3000: 11,867; 1200: 11,040"
