Column,Missing_Count,Availability_Ratio,Data_Type,Unique_Values,Frequent_Values
ADDRESS,0,100.0,integer,26873,119042084: 92; 116012018: 87; 2162203: 85
COL1,0,100.0,integer,161,"13410: 24,312; 14210: 23,421; 15610: 23,042"
COL3,0,100.0,integer,8,"1: 685,421; 2: 12,014; 6: 9,782"
COL4_5,107273,85.10113776513595,floating,3150,"2.0: 77,897; 1.0: 68,877; 3.0: 55,361"
COL6,107273,85.10113776513595,integer,5042,"1500: 49,891; 2000: 42,368; 1000: 41,878"
COL7,0,100.0,integer,9899,"6000: 32,318; 10000: 28,268; 5000: 26,117"
