Column,Missing_Count,Availability_Ratio,Data_Type,Unique_Values,Frequent_Values
Address,0,100.0,integer,26850,122073083: 105; 122022019: 103; 102163089: 103
DYCOL01,0,100.0,integer,227,"11731: 24,137; 11732: 23,255; 11724: 22,803"
DYCOL02,0,100.0,integer,8,"1: 921,074; 2: 19,698; 7: 13,745"
DYCOL03,743017,23.465087796823514,integer,791,"500: 105,131; 200: 17,122; 400: 15,237"
DYCOL04,214569,77.89819132466232,integer,284,"1: 165,662; 2: 144,029; 3: 88,320"
DYCOL05,86177,91.1232863730801,integer,5976,"3000: 63,536; 2000: 59,203; 2500: 53,764"
DYCOL06,0,100.0,string,10335,"0000010000: 51,007; 0000012000: 41,093; 0000015000: 40,736"
DYCOL07,970821,-0.0,integer,1,
