Column,Missing_Count,Availability_Ratio,Data_Type,Unique_Values,Frequent_Values
ADDRESS,0,100.0,integer,30867,102181094: 128; 2152173: 122; 102181093: 112
DYCOL01,0,100.0,integer,227,"11731: 27,667; 11732: 26,455; 11441: 24,330"
DYCOL02,0,100.0,integer,8,"1: 988,951; 2: 17,328; 7: 16,908"
DYCOL03,794568,23.47841495900258,integer,788,"500: 115,816; 200: 17,878; 400: 16,309"
DYCOL04,229461,77.90155225846962,integer,287,"1: 179,084; 2: 158,772; 3: 98,227"
DYCOL05,92653,91.07696960008013,integer,5437,"3000: 63,464; 10000: 53,321; 5000: 49,048"
DYCOL06,0,100.0,integer,9572,"10000: 54,491; 20000: 46,264; 15000: 45,929"
