Column,Missing_Count,Availability_Ratio,Data_Type,Unique_Values,Frequent_Values
Address,0,100.0,integer,31250,109161111: 119; 22022019: 115; 110021053: 113
DYCOL01,0,100.0,integer,227,"11731: 27,872; 11732: 26,818; 11724: 26,386"
DYCOL02,0,100.0,integer,8,"1: 1,025,344; 7: 16,785; 2: 16,593"
DYCOL03,812836,24.444981502481834,integer,756,"500: 122,637; 200: 19,883; 400: 17,284"
DYCOL04,247214,77.02087709839935,integer,264,"1: 182,889; 2: 162,000; 3: 101,312"
DYCOL05,98900,90.80701232548196,integer,4992,"5000: 57,499; 4000: 55,004; 10000: 52,014"
DYCOL06,0,100.0,integer,8676,"10000: 56,746; 20000: 53,661; 15000: 51,335"
