Column,Missing_Count,Availability_Ratio,Data_Type,Unique_Values,Frequent_Values
Address,0,100.0,integer,39002,1020558003: 118; 1102789005: 113; 2225817001: 102
DYCOL01,0,100.0,integer,227,"11731: 34,497; 11732: 33,061; 11724: 32,813"
DYCOL02,0,100.0,integer,8,"1: 1,220,228; 2: 20,085; 7: 15,960"
DYCOL03,974441,23.413053029356313,integer,796,"500: 138,788; 200: 22,249; 400: 20,717"
DYCOL04,288253,77.34453165955767,integer,263,"1: 221,247; 2: 196,955; 3: 120,538"
DYCOL05,114740,90.98192061355007,integer,4963,"5000: 87,317; 4000: 59,468; 20000: 57,669"
DYCOL06,597432,53.044368101746954,integer,6823,"20000: 36,833; 15000: 34,785; 10000: 33,966"
