Column,Missing_Count,Availability_Ratio,Data_Type,Unique_Values,Frequent_Values
Address,0,100.0,integer,38170,1220015241: 113; 1220035012: 111; 1220015245: 109
DYCOL01,0,100.0,integer,223,"11731: 34,506; 11724: 33,560; 11732: 33,201"
DYCOL02,0,100.0,integer,8,"1: 1,174,151; 2: 18,323; 7: 14,569"
DYCOL03,888888,27.031892476278273,integer,813,"500: 117,704; 0: 66,354; 200: 18,455"
DYCOL04,254871,79.07784272857944,integer,255,"1: 202,516; 2: 192,669; 3: 114,860"
DYCOL05,634194,47.93951995875838,integer,2523,"5000: 44,564; 10000: 34,831; 20000: 28,555"
DYCOL06,0,100.0,integer,8757,"30000: 70,575; 20000: 70,366; 10000: 54,333"
