Column,Missing_Count,Availability_Ratio,Data_Type,Unique_Values,Frequent_Values
Address,0,100.0,integer,38434,2100098017: 108; 1140022054: 106; 1140042221: 100
DYCOL01,0,100.0,integer,223,"11731: 34,748; 11724: 33,485; 11732: 33,259"
DYCOL02,0,100.0,integer,8,"1: 1,211,490; 2: 16,511; 7: 13,623"
DYCOL03,918900,26.363583911376665,integer,695,"500: 120,300; 0: 70,160; 200: 17,022"
DYCOL04,252852,79.73760465682818,integer,225,"1: 216,169; 2: 205,836; 3: 117,143"
DYCOL05,114470,90.82690113215288,integer,3094,"5000: 75,747; 20000: 70,539; 10000: 70,303"
DYCOL06,0,100.0,integer,6448,"20000: 76,491; 30000: 76,295; 40000: 55,584"
