Column,Missing_Count,Availability_Ratio,Data_Type,Unique_Values,Frequent_Values
Address,0,100.0,integer,38115,1100029201: 95; 1220121261: 95; 2220153013: 93
DYCOL01,0,100.0,integer,223,"11731: 33,919; 11724: 33,268; 11732: 32,831"
DYCOL02,0,100.0,integer,8,"1: 1,188,309; 2: 17,110; 7: 13,073"
DYCOL03,934616,23.71521596647641,integer,828,"500: 119,156; 0: 43,859; 200: 17,220"
DYCOL04,253388,79.3180847998681,integer,229,"1: 213,646; 2: 207,685; 3: 115,388"
DYCOL05,117710,90.39233018845594,integer,3274,"10000: 97,373; 15000: 76,941; 20000: 72,144"
DYCOL06,0,100.0,integer,5903,"30000: 80,884; 40000: 62,896; 20000: 62,810"
