Column,Missing_Count,Availability_Ratio,Data_Type,Unique_Values,Frequent_Values
Address,0,100.0,integer,38022,20621151623: 91; 12301495324: 90; 11601349529: 89
DYCOL01,0,100.0,integer,223,"11731: 35,313; 11724: 35,231; 11732: 33,852"
DYCOL02,0,100.0,integer,8,"1: 1,198,984; 2: 13,300; 7: 12,721"
DYCOL03,945161,23.27080224774195,integer,828,"500: 142,309; 200: 17,532; 400: 17,229"
DYCOL04,286576,76.7354486959882,integer,185,"1: 243,241; 2: 208,814; 3: 119,323"
DYCOL05,117493,90.46179049759135,integer,2694,"20000: 90,965; 15000: 87,082; 10000: 74,595"
DYCOL06,0,100.0,integer,4650,"60000: 78,088; 50000: 72,054; 40000: 64,196"
