Column,Missing_Count,Availability_Ratio,Data_Type,Unique_Values,Frequent_Values
Address,0,100.0,integer,37860,11002235326: 104; 11002234131: 101; 10207048326: 93
DYCOL01,0,100.0,integer,223,"11731: 35,563; 11724: 35,382; 11732: 34,503"
DYCOL02,0,100.0,integer,8,"1: 1,223,184; 2: 14,133; 7: 13,121"
DYCOL03,965841,23.204612298349105,integer,864,"500: 144,873; 400: 19,124; 200: 18,807"
DYCOL04,296094,76.45714612846977,integer,196,"1: 251,222; 2: 216,603; 3: 120,335"
DYCOL05,121057,90.37458624245734,floating,3693,"20000.0: 107,114; 15000.0: 76,894; 30000.0: 61,231"
DYCOL06,0,100.0,floating,6181,"60000.0: 73,780; 50000.0: 63,933; 100000.0: 63,174"
