Column,Missing_Count,Availability_Ratio,Data_Type,Unique_Values,Frequent_Values
Address,0,100.0,integer,38196,10608078120: 92; 13001376113: 82; 10918117708: 80
DYCOL01,0,100.0,integer,223,"11731: 35,449; 11724: 34,033; 11732: 33,843"
DYCOL02,0,100.0,integer,8,"1: 1,118,359; 2: 13,064; 7: 10,768"
DYCOL03,872583,24.0675556081545,integer,869,"500: 133,340; 400: 19,449; 200: 18,734"
DYCOL04,275688,76.00954438775554,integer,196,"1: 237,645; 2: 197,613; 3: 110,342"
DYCOL05,104510,90.90550725444825,integer,3694,"50000: 71,594; 40000: 64,610; 30000: 63,584"
DYCOL06,632359,44.971922896523274,integer,4059,"100000: 30,993; 150000: 26,509; 120000: 26,355"
