Column,Missing_Count,Availability_Ratio,Data_Type,Unique_Values,Frequent_Values
Address,0,100.0,integer,37389,21608570716: 101; 10103013120: 90; 10105017126: 87
DYCOL01,0,100.0,integer,223,"11731: 34,724; 11724: 33,907; 11732: 33,750"
DYCOL02,0,100.0,integer,8,"1: 1,074,686; 2: 11,493; 7: 8,181"
DYCOL03,830045,24.681729504105988,integer,864,"500: 132,511; 400: 19,639; 200: 18,156"
DYCOL04,269355,75.55873145501565,integer,169,"1: 231,446; 2: 188,272; 3: 104,237"
DYCOL05,650825,40.94414953949458,integer,2451,"50000: 25,638; 100000: 24,173; 30000: 21,764"
DYCOL06,603766,45.21428247357198,integer,4133,"200000: 26,318; 150000: 25,954; 100000: 24,347"
