Column,Missing_Count,Availability_Ratio,Data_Type,Unique_Values,Frequent_Values
Address,0,100.0,integer,37826,10109020832: 87; 12301283432: 85; 10009008019: 85
DYCOL01,0,100.0,integer,223,"11731: 35,629; 11724: 34,808; 11732: 34,394"
DYCOL02,0,100.0,integer,8,"1: 1,101,239; 2: 10,764; 7: 8,318"
DYCOL03,833170,26.08059563512025,integer,754,"500: 139,651; 400: 20,305; 200: 19,767"
DYCOL04,274125,75.67944510541346,integer,157,"1: 244,132; 2: 195,748; 3: 104,796"
DYCOL05,664927,41.00722807335071,integer,2455,"100000: 25,624; 150000: 21,151; 300000: 20,436"
DYCOL06,509426,54.80338167722887,integer,4404,"300000: 37,689; 200000: 30,675; 150000: 25,235"
