Column,Missing_Count,Availability_Ratio,Data_Type,Unique_Values,Frequent_Values
Address,0,100.0,integer,37832,12301273426: 101; 12301273632: 89; 11601193926: 86
DYCOL01,0,100.0,integer,223,"11731: 35,511; 11724: 34,936; 11732: 33,788"
DYCOL02,0,100.0,integer,8,"1: 1,057,374; 2: 10,100; 7: 8,092"
DYCOL03,785558,27.3561054280541,integer,702,"500: 133,607; 0: 26,381; 400: 19,959"
DYCOL04,263903,75.5957654186957,integer,167,"1: 243,651; 2: 191,846; 3: 98,748"
DYCOL05,0,100.0,integer,3779,"0: 96,586; 150000: 69,397; 100000: 47,953"
DYCOL06,0,100.0,integer,6673,"300000: 60,143; 600000: 53,494; 500000: 46,610"
