Column,Missing_Count,Availability_Ratio,Data_Type,Unique_Values,Frequent_Values
ADDRESS,0,100.0,integer,33726,10720116: 13; 11020025: 12; 11030099: 12
COL1,0,100.0,integer,29,"61730: 17,581; 61640: 14,363; 61719: 10,941"
COL3,3,99.99660545164465,integer,8,"1: 87,515; 6: 438; 3: 274"
COL4,16,99.98189574210484,integer,1518,"2000: 6,774; 3000: 6,080; 5000: 5,292"
