Column,Missing_Count,Availability_Ratio,Data_Type,Unique_Values,Frequent_Values
ADDRESS,0,100.0,integer,8564,1134107: 12; 1144053: 12; 1131074: 11
COL1,0,100.0,integer,41,"51114: 6,339; 51318: 4,039; 52117: 2,703"
COL3,1210,95.28283497719387,integer,8,"1: 18,065; 2: 6,185; 8: 91"
COL4,18,99.92982729718139,integer,1305,"500: 2,015; 200: 1,792; 1000: 1,691"
