Column,Missing_Count,Availability_Ratio,Data_Type,Unique_Values,Frequent_Values
Address,0,100.0,integer,21532,102071071: 23; 9083036: 16; 109161111: 16
DYCOL01,0,100.0,integer,88,"61111: 19,725; 62111: 9,484; 62112: 9,182"
DYCOL02,1,99.99840043508166,integer,9,"1: 60,903; 8: 1,087; 3: 340"
DYCOL03,30113,51.83230161396099,string,677,"0000050000: 1,902; 0000030000: 1,895; 0000020000: 1,615"
