Column,Missing_Count,Availability_Ratio,Data_Type,Unique_Values,Frequent_Values
Address,0,100.0,integer,12344,24062092: 8; 124013021: 7; 29033024: 7
DYCOL01,0,100.0,integer,14,"1: 10,845; 2: 1,828; 3: 631"
DYCOL03,9585,33.73202433628318,integer,1394,"0: 1,770; 15900000: 43; 17100000: 37"
DYCOL04,9730,32.72953539823009,integer,470,"0: 1,844; 6000000: 159; 12000000: 114"
DYCOL05,11649,19.462112831858402,integer,200,"0: 2,166; 3000000: 35; 12000000: 29"
DYCOL06,9029,37.57605088495575,integer,775,"0: 1,599; 3000000: 161; 1200000: 123"
DYCOL07,12900,10.813053097345138,integer,177,0: 946; 2000000: 30; 5000: 23
DYCOL08,7240,49.94469026548673,integer,354,"0: 1,560; 500000: 354; 1000000: 351"
