Column,Missing_Count,Availability_Ratio,Data_Type,Unique_Values,Frequent_Values
ADDRESS,0,100.0,integer,14688,24044047: 8; 24084116: 8; 124013054: 8
DYCOL01,0,100.0,integer,12,"1: 12,987; 2: 1,977; 3: 750"
DYCOL03,10310,39.96389681476737,integer,1588,"0: 3,144; 26350000: 87; 25750000: 69"
DYCOL04,10331,39.8416118325278,integer,493,"0: 3,478; 6000000: 184; 12000000: 138"
DYCOL05,12462,27.43259768240843,integer,238,"0: 4,059; 2000000: 25; 12000000: 24"
DYCOL06,9073,47.167064578116815,integer,877,"0: 3,210; 4000000: 192; 6000000: 185"
DYCOL07,11648,32.17259651778955,integer,328,"0: 3,701; 3000000: 113; 2000000: 107"
DYCOL08,7874,54.14895475455657,integer,393,"0: 2,740; 2000000: 396; 1000000: 365"
