Column,Missing_Count,Availability_Ratio,Data_Type,Unique_Values,Frequent_Values
Address,0,100.0,integer,14729,24093109: 8; 7074047: 8; 24062090: 7
DYCOL01,0,100.0,integer,14,"1: 12,949; 2: 2,014; 3: 830"
DYCOL03,8758,49.704243955665305,integer,1569,"0: 4,626; 25750000: 105; 26550000: 97"
DYCOL04,9177,47.2979957503015,integer,503,"0: 4,940; 6000000: 146; 12000000: 143"
DYCOL05,10721,38.43105725607305,integer,247,"0: 5,680; 400000: 189; 300000: 81"
DYCOL06,11616,33.29121920404295,integer,718,"0: 1,684; 4000000: 211; 3000000: 190"
DYCOL07,13814,20.668466088554528,integer,232,"0: 2,426; 2000000: 91; 3000000: 87"
DYCOL08,12592,27.686211451214614,integer,268,"0: 1,453; 2000000: 283; 1000000: 232"
