Column,Missing_Count,Availability_Ratio,Data_Type,Unique_Values,Frequent_Values
Address,0,100.0,integer,18227,2246521001: 9; 1256614001: 9; 1246379003: 8
DYCOL01,0,100.0,integer,16,"1: 16,079; 2: 2,589; 3: 1,116"
DYCOL03,9785,54.65288719992585,integer,1799,"0: 6,524; 26000000: 171; 30000000: 117"
DYCOL04,16829,22.00852720363333,integer,248,"0: 3,299; 5000000: 98; 3000000: 82"
DYCOL05,15954,26.063583279265924,integer,173,"0: 3,291; 400000: 691; 800000: 319"
DYCOL06,8776,59.32894614885531,integer,692,"0: 6,110; 3000000: 461; 3600000: 383"
DYCOL07,12260,43.18287144313653,integer,176,"0: 7,496; 3000000: 122; 2000000: 120"
DYCOL08,9094,57.855222912225415,integer,371,"0: 4,870; 1000000: 483; 2000000: 480"
