Column,Missing_Count,Availability_Ratio,Data_Type,Unique_Values,Frequent_Values
Address,0,100.0,integer,20435,2040133001: 10; 2250123003: 10; 2090175004: 10
DYCOL01,2,99.99232098291418,integer,16,"1: 18,529; 2: 3,234; 3: 1,732"
DYCOL03,11827,54.59013246304474,integer,1621,"0: 8,942; 48000000: 88; 62500000: 78"
DYCOL04,12971,50.19773468995968,integer,431,"0: 9,789; 12000000: 169; 6000000: 148"
DYCOL05,15330,41.14033403724323,integer,251,"800000: 3,168; 0: 2,654; 4000000: 865"
DYCOL06,10238,60.691111537723174,integer,727,"0: 8,214; 3600000: 508; 6000000: 353"
DYCOL07,19821,23.897101171050107,integer,126,"0: 5,378; 3000000: 65; 5000000: 61"
DYCOL08,11026,57.665578805912844,integer,347,"0: 7,521; 2000000: 496; 500000: 437"
