Column,Missing_Count,Availability_Ratio,Data_Type,Unique_Values,Frequent_Values
Address,0,100.0,integer,24693,2220095198: 9; 2220166158: 9; 2220010290: 7
DYCOL01,0,100.0,integer,14,"1: 23,236; 2: 2,387; 3: 1,068"
DYCOL03,11950,57.83493878127095,integer,1606,"0: 10,540; 51000000: 208; 63000000: 162"
DYCOL04,20909,26.22349246674429,integer,338,"0: 5,420; 12000000: 125; 18000000: 112"
DYCOL05,11496,59.43685826188207,integer,363,"0: 9,487; 800000: 1,035; 1600000: 838"
DYCOL06,9138,67.75695988144385,integer,760,"0: 9,900; 3600000: 606; 4200000: 388"
DYCOL07,12089,57.3444832574715,integer,349,"0: 9,180; 3560000: 1,010; 5340000: 665"
DYCOL08,11411,59.736777107370955,integer,332,"0: 9,520; 500000: 463; 1000000: 458"
