Column,Missing_Count,Availability_Ratio,Data_Type,Unique_Values,Frequent_Values
Address,0,100.0,integer,17863,1240095223: 7; 2220097010: 6; 2220101067: 6
DYCOL01,6,99.97022775765394,integer,15,"1: 16,149; 2: 1,939; 3: 795"
DYCOL03,12661,37.17560660943781,integer,1463,"0: 2,766; 51180000: 112; 63180000: 106"
DYCOL04,9373,53.49079541507468,integer,364,"0: 7,820; 12000000: 142; 30000000: 129"
DYCOL05,10503,47.88368977323475,integer,218,"0: 8,356; 800000: 140; 1600000: 101"
DYCOL06,7504,62.764848905870096,integer,453,"0: 6,634; 3600000: 765; 4800000: 471"
DYCOL07,10681,47.00044658363519,integer,137,"0: 8,301; 100000: 107; 150000: 86"
DYCOL08,8007,60.268942589192676,integer,276,"0: 5,499; 500000: 518; 1000000: 422"
