Column,Missing_Count,Availability_Ratio,Data_Type,Unique_Values,Frequent_Values
Address,0,100.0,integer,16457,20607145012: 7; 12103443505: 7; 11402316608: 6
DYCOL01,5,99.97311105135789,integer,14,"1: 14,582; 2: 1,627; 3: 948"
DYCOL03,7544,59.4299542887873,integer,1743,"0: 5,305; 100000000: 117; 76000000: 113"
DYCOL04,14599,21.48964775477279,integer,185,"0: 2,996; 20000000: 83; 10000000: 79"
DYCOL05,10749,42.19413820919602,integer,169,"0: 7,088; 2400000: 44; 4000000: 40"
DYCOL06,7213,61.210002688894875,integer,386,"0: 5,741; 4800000: 706; 6000000: 517"
DYCOL07,15001,19.327776283947294,integer,83,"0: 3,185; 5000000: 38; 10000000: 29"
DYCOL08,12900,30.626512503361113,integer,220,"0: 1,839; 500000: 421; 1000000: 226"
