Column,Missing_Count,Availability_Ratio,Data_Type,Unique_Values,Frequent_Values
Address,0,100.0,integer,17518,22406541120: 5; 22406541413: 5; 22406541223: 5
DYCOL01,0,100.0,integer,13,"1: 15,451; 2: 1,815; 3: 1,077"
DYCOL03,15451,22.833741197622736,integer,736,"0: 2,788; 89000000: 40; 90000000: 34"
DYCOL04,15979,20.19677371023323,integer,189,"0: 2,833; 10000000: 104; 20000000: 103"
DYCOL05,16570,17.245168056734748,integer,111,"0: 3,045; 10000000: 30; 15000000: 23"
DYCOL06,14094,29.61094741047795,integer,293,"0: 2,046; 4800000: 555; 6000000: 512"
DYCOL07,16600,17.09534035858763,integer,96,"0: 2,948; 10000000: 49; 5000000: 42"
DYCOL08,8111,59.491584677620736,integer,293,"0: 3,958; 500000: 763; 1000000: 495"
