Column,Missing_Count,Availability_Ratio,Data_Type,Unique_Values,Frequent_Values
Address,0,100.0,integer,27593,20920498923: 9; 11702203320: 7; 21708582123: 7
DYCOL01,0,100.0,integer,11,"1: 26,206; 2: 5,731; 3: 3,250"
DYCOL03,22857,39.79296175323991,integer,1601,"0: 7,036; 190000000: 257; 250000000: 240"
DYCOL04,26412,30.42882731008324,integer,352,"0: 8,734; 30000000: 147; 60000000: 140"
DYCOL05,12842,66.1732167316405,integer,911,"0: 5,861; 700000: 1,157; 900000: 1,095"
DYCOL06,18484,51.31176904435782,integer,1613,"0: 6,260; 1720000: 499; 2000000: 459"
DYCOL07,27891,26.53303129280371,integer,135,"0: 9,156; 30000000: 67; 10000000: 66"
DYCOL08,21293,43.9126540933516,integer,338,"0: 6,894; 2000000: 786; 5000000: 736"
