Column,Missing_Count,Availability_Ratio,Data_Type,Unique_Values,Frequent_Values
Address,0,100.0,integer,34947,11708209626: 10; 21702576529: 8; 21304538730: 8
DYCOL01,1,99.99797742809757,integer,12,"1: 34,698; 2: 7,702; 3: 4,046"
DYCOL03,32054,35.16848023947251,integer,1631,"0: 8,456; 435000000: 239; 615000000: 208"
DYCOL04,43442,12.135431414586783,integer,183,"0: 4,996; 100000000: 55; 50000000: 53"
DYCOL05,15852,67.9381902026617,integer,1264,"0: 7,188; 980000: 1,654; 1000000: 1,386"
DYCOL06,13710,72.2705392176692,integer,3579,"10000000: 2,962; 20640000: 2,835; 16560000: 2,519"
DYCOL07,38026,23.089680838153793,integer,138,"0: 10,600; 20000000: 55; 30000000: 54"
DYCOL08,32317,34.636543829133124,integer,310,"0: 9,007; 5000000: 741; 2000000: 577"
