Column,Missing_Count,Availability_Ratio,Data_Type,Unique_Values,Frequent_Values
ADDRESS,0,100.0,integer,8177,1101003: 54; 1104043: 38; 1102067: 32
COL1,0,100.0,integer,170,"86120: 7,214; 72169: 4,800; 85229: 4,509"
COL3,996,98.04671412602224,integer,9,"2: 28,024; 1: 19,936; 3: 947"
COL4,996,98.04671412602224,integer,1703,"5000: 2,533; 2000: 2,445; 300: 2,378"
COL5,49598,2.7318546410150857,integer,272,100000: 56; 200000: 49; 80000: 45
