Column,Missing_Count,Availability_Ratio,Data_Type,Unique_Values,Frequent_Values
ADDRESS,0,100.0,integer,17619,1103047: 35; 1131063: 32; 1102069: 32
COL1,0,100.0,integer,183,"72169: 11,499; 86120: 10,490; 85127: 8,358"
COL3,4285,96.21493180693945,integer,8,"2: 105,305; 3: 2,187; 6: 857"
COL4,4320,96.18401526393895,integer,3,"0: 79,365; 1: 29,523"
COL5,2320,97.95067486396721,integer,2407,"2000: 5,952; 5000: 5,226; 3000: 5,190"
COL6,110054,2.7860221892445747,integer,413,200000: 97; 120000: 89; 30000: 88
