Column,Missing_Count,Availability_Ratio,Data_Type,Unique_Values,Frequent_Values
ADDRESS,0,100.0,integer,21174,152038: 44; 1153029: 42; 1212017: 42
COL1,0,100.0,integer,138,"72170: 13,798; 85116: 11,853; 85127: 9,680"
COL3,1702,98.68547066637832,integer,8,"1: 126,234; 2: 560; 7: 457"
COL4,2495,98.07300194630665,integer,2586,"20000: 6,073; 10000: 5,226; 30000: 4,694"
COL5,125841,2.8074701102907107,integer,433,300000: 140; 500000: 134; 200000: 124
