Column,Missing_Count,Availability_Ratio,Data_Type,Unique_Values,Frequent_Values
Address,0,100.0,integer,26653,22023020: 85; 10074053: 83; 124062099: 82
DYCOL01,0,100.0,integer,395,"139113: 24,787; 139114: 17,108; 127124: 16,584"
DYCOL02,367529,2.8431020080151415,integer,13,"1: 4,254; 2: 2,570; 3: 1,529"
DYCOL03,2835,99.25056306901693,integer,9,"1: 356,239; 3: 9,169; 5: 5,051"
DYCOL04,2238,99.40838100474775,string,19054,"0000050000: 17,207; 0000030000: 14,338; 0000100000: 13,808"
DYCOL05,335792,11.232830360258427,string,504,"0: 36,922; 0002000000: 239; 0003000000: 230"
