Column,Missing_Count,Availability_Ratio,Data_Type,Unique_Values,Frequent_Values
ADDRESS,0,100.0,integer,30732,110164120: 95; 110024013: 74; 10174123: 73
DYCOL01,0,100.0,integer,395,"139113: 28,434; 139116: 18,966; 139114: 18,220"
DYCOL02,400530,7.747904617787082,integer,25,"1: 10,183; 2: 7,620; 3: 4,755"
DYCOL03,2649,99.38986892200963,integer,9,"1: 401,098; 8: 13,877; 3: 9,310"
DYCOL04,2481,99.42856353171231,integer,18155,"50000: 20,703; 100000: 16,276; 30000: 15,910"
DYCOL05,416184,4.1423961637058415,integer,493,"0: 12,543; 2000000: 256; 3000000: 211"
