Column,Missing_Count,Availability_Ratio,Data_Type,Unique_Values,Frequent_Values
Address,0,100.0,integer,31091,6121096: 74; 110021056: 69; 10152141: 63
DYCOL01,0,100.0,integer,297,"139113: 28,878; 139116: 21,891; 127124: 17,844"
DYCOL02,378376,8.0328127848332,integer,20,"1: 10,973; 2: 7,537; 3: 4,552"
DYCOL03,2484,99.39624475906909,integer,9,"1: 379,109; 8: 13,100; 3: 10,011"
DYCOL04,2214,99.46187032873549,string,18719,"0000050000: 20,534; 0000100000: 16,584; 0000020000: 15,384"
DYCOL05,389173,5.408519171173365,integer,476,"0: 17,326; 1000000: 229; 2000000: 212"
