Column,Missing_Count,Availability_Ratio,Data_Type,Unique_Values,Frequent_Values
Address,0,100.0,integer,38938,2246519005: 68; 1153967004: 67; 1246320001: 62
DYCOL01,0,100.0,integer,298,"139113: 36,137; 139116: 27,700; 127124: 24,345"
DYCOL02,451335,10.283678779650508,integer,285,"1: 14,114; 2: 9,927; 3: 6,716"
DYCOL03,2821,99.43924193301515,integer,9,"1: 455,798; 8: 23,770; 3: 12,294"
DYCOL04,2595,99.48416618793844,integer,20671,"50000: 24,209; 20000: 22,289; 10000: 20,984"
DYCOL05,478893,4.805702597456807,integer,455,"0: 19,065; 3000000: 227; 1000000: 208"
