Column,Missing_Count,Availability_Ratio,Data_Type,Unique_Values,Frequent_Values
Address,0,100.0,integer,38163,11407322305: 65; 21401323116: 62; 21406330116: 58
DYCOL01,0,100.0,integer,310,"139113: 35,287; 139116: 27,350; 127124: 23,749"
DYCOL02,396408,10.626727570331562,integer,178,"1: 13,520; 2: 9,957; 3: 6,444"
DYCOL03,437600,1.3396702003417915,string,852,کشاورزي: 562; ملي: 493; صادرات: 295
DYCOL04,1561,99.64806038661503,integer,9,"1: 400,366; 8: 25,582; 3: 8,203"
DYCOL05,1395,99.68548638009477,string,14790,"0000100000: 20,611; 0000200000: 18,959; 0000500000: 17,158"
DYCOL06,434679,1.99823241091035,integer,305,"0: 6,215; 20000000: 140; 10000000: 126"
