Column,Missing_Count,Availability_Ratio,Data_Type,Unique_Values,Frequent_Values
Address,0,100.0,integer,38165,21402324913: 70; 21401323413: 65; 11401314720: 65
DYCOL01,0,100.0,integer,308,"139113: 34,933; 139116: 28,143; 127124: 23,496"
DYCOL02,401627,10.381722313584874,integer,196,"1: 13,428; 2: 10,278; 3: 6,231"
DYCOL03,442314,1.3029032495598614,string,779,ملي: 609; کشاورزي: 454; صادرات: 318
DYCOL04,1558,99.65235087124263,integer,9,"1: 404,625; 8: 25,937; 3: 7,955"
DYCOL05,1447,99.677119198131,string,14447,"0000200000: 22,039; 0000100000: 19,875; 0000500000: 18,886"
DYCOL06,440549,1.6967419608928225,integer,280,"0: 5,086; 30000000: 109; 20000000: 104"
