Column,Missing_Count,Availability_Ratio,Data_Type,Unique_Values,Frequent_Values
Address,0,100.0,integer,38153,10917212317: 81; 21403325225: 63; 21401323413: 62
DYCOL01,0,100.0,integer,310,"139113: 34,848; 139116: 27,788; 127124: 23,569"
DYCOL02,398321,10.795364201332514,integer,178,"1: 14,134; 2: 10,917; 3: 6,724"
DYCOL03,441408,1.1459604725379324,string,733,ملي: 517; بانک ملي: 272; کشاورزي: 265
DYCOL04,1351,99.69744135266782,integer,9,"1: 400,267; 8: 28,573; 5: 8,262"
DYCOL05,1294,99.7102065953754,string,13535,"0000200000: 20,858; 0000500000: 20,002; 0000100000: 18,302"
DYCOL06,439895,1.4847992833547985,integer,281,"0: 4,380; 20000000: 95; 30000000: 93"
