Column,Missing_Count,Availability_Ratio,Data_Type,Unique_Values,Frequent_Values
Address,0,100.0,integer,38824,11401173011: 73; 11403177911: 56; 12301272014: 53
DYCOL01,0,100.0,integer,315,"139113: 34,100; 139116: 25,057; 127124: 24,620"
DYCOL02,429253,10.35153231499234,integer,187,"1: 15,034; 2: 11,729; 3: 6,763"
DYCOL03,473322,1.147826522812423,string,648,ملي: 582; بانک: 556; بانک ملي: 391
DYCOL04,1896,99.60402491134418,integer,9,"1: 428,392; 8: 32,187; 5: 8,848"
DYCOL05,1910,99.60110104465579,integer,12611,"500000: 23,521; 1000000: 18,652; 200000: 18,480"
DYCOL06,473872,1.032960331482946,integer,275,"0: 2,140; 30000000: 130; 20000000: 116"
