Column,Missing_Count,Availability_Ratio,Data_Type,Unique_Values,Frequent_Values
Address,0,100.0,integer,37683,21406551438: 53; 11205153929: 53; 11405180041: 50
DYCOL01,174397,54.9209163825481,string,309,"139113: 16,251; 139116: 11,950; 125313: 9,584"
DYCOL02,341086,11.834238463149028,integer,209,"1: 14,055; 2: 12,253; 3: 6,191"
DYCOL03,382650,1.090550031147497,string,527,بانک: 655; ملي: 396; بانک ملي: 277
DYCOL04,0,100.0,integer,9,"1: 341,648; 8: 28,806; 5: 8,769"
DYCOL05,897,99.76813856886957,integer,12269,"2000000: 18,663; 1000000: 17,832; 500000: 14,959"
DYCOL06,385318,0.40091090265697016,integer,261,500000000: 57; 50000000: 49; 300000000: 46
