Column,Missing_Count,Availability_Ratio,Data_Type,Unique_Values,Frequent_Values
ADDRESS,0,100.0,integer,17762,23110: 31; 64122: 29; 13009: 28
COL1,0,100.0,integer,76,"45122: 15,837; 45166: 15,218; 45111: 12,715"
COL3,115,99.87760618993391,integer,8,"2: 92,495; 7: 1,004; 4: 150"
COL4,140,99.85099883991954,integer,3,"0: 65,306; 1: 28,513"
COL5,65267,30.536723464489835,integer,301,"10: 4,648; 20: 3,819; 960: 1,921"
COL6,0,100.0,integer,824,"200: 5,684; 300: 4,922; 600: 4,546"
