Column,Missing_Count,Availability_Ratio,Data_Type,Unique_Values,Frequent_Values
ADDRESS,0,100.0,integer,21442,1053071: 28; 193011: 22; 1063074: 22
COL1,0,100.0,integer,57,"45166: 19,488; 45111: 17,237; 45122: 15,961"
COL3,1,99.99918285966432,integer,8,"1: 119,942; 6: 2,153; 2: 100"
COL4,1,99.99918285966432,integer,810,"1000: 8,958; 2000: 7,607; 3000: 7,502"
