Column,Missing_Count,Availability_Ratio,Data_Type,Unique_Values,Frequent_Values
Address,0,100.0,integer,26895,10023030: 11; 110024027: 10; 103033054: 10
DYCOL01,0,100.0,integer,39,"45111: 21,346; 42111: 20,922; 44111: 17,955"
DYCOL02,103026,1.8098641887062228,integer,92,10000000: 270; 5000000: 225; 20000000: 174
DYCOL03,20970,80.01429592566119,integer,9,"1: 79,540; 8: 1,907; 2: 1,435"
DYCOL04,0,100.0,string,1748,"0000020000: 4,528; 0000030000: 4,520; 0000050000: 4,456"
