Column,Missing_Count,Availability_Ratio,Data_Type,Unique_Values,Frequent_Values
ADDRESS,0,100.0,integer,30910,103033061: 9; 103032033: 9; 122021009: 9
DYCOL01,0,100.0,integer,40,"45111: 24,369; 42111: 24,062; 44111: 20,688"
DYCOL02,116396,2.1051480668466516,integer,95,10000000: 375; 5000000: 299; 20000000: 221
DYCOL03,24113,79.71976215106939,integer,9,"1: 89,487; 8: 2,343; 2: 1,744"
DYCOL04,0,100.0,integer,1675,"30000: 5,724; 20000: 5,677; 50000: 5,264"
