Column,Missing_Count,Availability_Ratio,Data_Type,Unique_Values,Frequent_Values
Address,0,100.0,integer,31283,109164036: 10; 100012001: 9; 109164039: 9
DYCOL01,0,100.0,integer,35,"42111: 24,014; 45111: 23,883; 44111: 20,463"
DYCOL02,116868,2.288365870992015,integer,94,10000000: 421; 5000000: 332; 20000000: 238
DYCOL03,24038,79.90217800259187,integer,9,"1: 90,361; 8: 2,388; 2: 1,688"
DYCOL04,0,100.0,integer,1720,"30000: 5,608; 20000: 5,359; 50000: 4,955"
