Column,Missing_Count,Availability_Ratio,Data_Type,Unique_Values,Frequent_Values
Address,0,100.0,integer,36868,2070234003: 9; 1230165004: 9; 1230037001: 9
DYCOL01,0,100.0,integer,38,"42111: 28,366; 45111: 27,624; 44111: 23,973"
DYCOL02,133441,2.2932790522284807,integer,98,10000000: 510; 5000000: 422; 20000000: 367
DYCOL03,28403,79.20306356307616,integer,9,"1: 102,006; 8: 3,455; 2: 1,622"
DYCOL04,70894,48.09076464601348,integer,664,"30000: 3,859; 200000: 3,411; 20000: 3,062"
