Column,Missing_Count,Availability_Ratio,Data_Type,Unique_Values,Frequent_Values
address,0,100.0,integer,38285,1100008216: 10; 1010101013: 9; 2230034058: 9
dycol01,0,100.0,integer,34,"42111: 29,582; 45111: 28,304; 44111: 24,744"
dycol02,137706,2.4924588956707683,integer,91,10000000: 612; 5000000: 425; 20000000: 409
dycol03,29620,79.02652486086131,integer,9,"1: 105,793; 8: 3,279; 2: 1,507"
dycol04,70689,49.946185546570746,integer,1461,"30000: 2,991; 50000: 2,833; 40000: 2,452"
