Column,Missing_Count,Availability_Ratio,Data_Type,Unique_Values,Frequent_Values
Address,0,100.0,integer,38513,1070052152: 9; 1100024009: 9; 1070031246: 9
DYCOL01,0,100.0,integer,33,"45111: 31,790; 42111: 30,102; 44111: 28,474"
DYCOL02,148096,2.391183991985446,integer,87,10000000: 587; 20000000: 477; 5000000: 350
DYCOL03,30136,80.13761830692575,integer,9,"1: 116,330; 8: 2,885; 2: 1,289"
DYCOL04,76147,49.812158920144476,integer,1883,"100000: 2,590; 1500000: 2,422; 150000: 2,371"
