Column,Missing_Count,Availability_Ratio,Data_Type,Unique_Values,Frequent_Values
Address,0,100.0,integer,38192,1000046117: 9; 1280074054: 9; 1010067119: 9
DYCOL01,0,100.0,integer,34,"45111: 31,798; 42111: 30,382; 44111: 28,870"
DYCOL02,147932,1.8999051705272607,integer,88,10000000: 431; 20000000: 368; 50000000: 263
DYCOL03,30412,79.83249003627392,integer,9,"1: 115,530; 8: 2,660; 2: 1,282"
DYCOL04,0,100.0,integer,1861,"100000: 6,416; 150000: 5,278; 50000: 5,201"
