Column,Missing_Count,Availability_Ratio,Data_Type,Unique_Values,Frequent_Values
Address,0,100.0,integer,38316,12901626905: 9; 10603131408: 9; 10006006013: 9
DYCOL01,0,100.0,integer,33,"45111: 32,438; 42111: 29,429; 44111: 29,387"
DYCOL02,147951,2.244496128128548,integer,95,20000000: 426; 10000000: 424; 50000000: 369
DYCOL03,29447,80.54351560641699,integer,8,"1: 116,853; 8: 3,395; 2: 1,023"
DYCOL04,0,100.0,integer,1764,"100000: 7,324; 150000: 6,117; 50000: 5,978"
