Column,Missing_Count,Availability_Ratio,Data_Type,Unique_Values,Frequent_Values
Address,0,100.0,integer,38275,10105027123: 10; 10105027116: 10; 12901626908: 9
DYCOL01,0,100.0,integer,33,"45111: 32,694; 44111: 30,009; 42111: 29,779"
DYCOL02,147897,2.4792788990946724,integer,104,10000000: 488; 20000000: 445; 50000000: 400
DYCOL03,29793,80.35501163810441,integer,9,"1: 117,081; 8: 3,384; 2: 836"
DYCOL04,78809,48.034709904587324,integer,1088,"500000: 3,238; 100000: 2,871; 1000000: 2,808"
