Column,Missing_Count,Availability_Ratio,Data_Type,Unique_Values,Frequent_Values
Address,0,100.0,integer,38252,10104026429: 10; 10603131429: 10; 10603133420: 9
DYCOL01,0,100.0,integer,33,"45111: 33,282; 44111: 31,116; 42111: 30,255"
DYCOL02,150659,2.3394352684937947,integer,112,50000000: 425; 20000000: 391; 10000000: 363
DYCOL03,30260,80.38478491975005,integer,9,"1: 119,714; 8: 3,024; 2: 748"
DYCOL04,0,100.0,integer,1983,"150000: 6,674; 200000: 6,172; 100000: 5,929"
