Column,Missing_Count,Availability_Ratio,Data_Type,Unique_Values,Frequent_Values
Address,0,100.0,integer,38146,10303066730: 10; 10603131132: 9; 10303068321: 9
DYCOL01,0,100.0,integer,34,"45111: 33,444; 44111: 31,606; 42111: 30,132"
DYCOL02,150825,2.38938110369733,integer,114,50000000: 394; 20000000: 390; 10000000: 364
DYCOL03,30157,80.4830536445828,integer,9,"1: 120,139; 8: 2,899; 2: 765"
DYCOL04,0,100.0,integer,2052,"200000: 6,803; 150000: 6,668; 300000: 5,804"
