Column,Missing_Count,Availability_Ratio,Data_Type,Unique_Values,Frequent_Values
Address,0,100.0,integer,37962,12301496632: 10; 12501553438: 10; 10303068038: 10
DYCOL01,0,100.0,integer,35,"45111: 33,857; 44111: 32,405; 42111: 30,045"
DYCOL02,152304,2.069160633222311,integer,108,50000000: 356; 100000000: 338; 20000000: 308
DYCOL03,30071,80.66447190751148,integer,9,"1: 121,669; 8: 2,908; 2: 396"
DYCOL04,0,100.0,floating,2814,"200000.0: 6,809; 150000.0: 6,320; 300000.0: 5,676"
