Column,Missing_Count,Availability_Ratio,Data_Type,Unique_Values,Frequent_Values
Address,0,100.0,integer,38960,10303040305: 11; 10303040311: 11; 12501316117: 10
DYCOL01,0,100.0,integer,34,"45111: 34,607; 44111: 32,775; 42111: 29,664"
DYCOL02,156422,2.43868971883342,integer,111,100000000: 469; 50000000: 461; 20000000: 339
DYCOL03,29685,81.48529301698974,integer,9,"1: 126,368; 8: 3,294; 2: 348"
DYCOL04,0,100.0,integer,1820,"200000: 8,201; 150000: 7,250; 300000: 7,155"
