Column,Missing_Count,Availability_Ratio,Data_Type,Unique_Values,Frequent_Values
Address,0,100.0,integer,38328,12301271612: 10; 11002127212: 10; 12501313709: 10
DYCOL01,0,100.0,integer,32,"45111: 33,262; 44111: 31,899; 42111: 29,951"
DYCOL02,151528,2.250720888676727,integer,111,100000000: 437; 50000000: 358; 200000000: 251
DYCOL03,29986,80.65631511382622,integer,9,"1: 121,157; 8: 3,050; 2: 297"
DYCOL04,0,100.0,integer,1796,"200000: 7,844; 300000: 7,035; 150000: 6,358"
