Column,Missing_Count,Availability_Ratio,Data_Type,Unique_Values,Frequent_Values
Address,0,100.0,integer,37557,12501313726: 10; 11002122416: 10; 12501316722: 10
DYCOL01,0,100.0,integer,33,"45111: 32,688; 44111: 31,224; 42111: 29,448"
DYCOL02,147735,2.602796621902259,integer,120,100000000: 532; 50000000: 401; 200000000: 363
DYCOL03,29500,80.55154499845072,integer,9,"1: 118,369; 8: 2,992; 2: 326"
DYCOL04,0,100.0,integer,1626,"300000: 7,324; 200000: 7,083; 150000: 5,316"
