Column,Missing_Count,Availability_Ratio,Data_Type,Unique_Values,Frequent_Values
Address,0,100.0,integer,37988,12501316832: 10; 12501315832: 10; 12501316723: 10
DYCOL01,0,100.0,integer,34,"45111: 33,466; 44111: 32,586; 42111: 29,966"
DYCOL02,151467,2.5221062386572846,integer,120,100000000: 510; 200000000: 382; 50000000: 332
DYCOL03,30020,80.68037017491923,integer,9,"1: 121,597; 8: 2,910; 2: 336"
DYCOL04,0,100.0,integer,1663,"300000: 8,213; 200000: 6,567; 250000: 5,826"
