Column,Missing_Count,Availability_Ratio,Data_Type,Unique_Values,Frequent_Values
Address,0,100.0,integer,37951,12501315226: 11; 12501316738: 11; 12301273833: 10
DYCOL01,0,100.0,integer,34,"45111: 34,106; 44111: 33,146; 42111: 30,272"
DYCOL02,152903,2.5300882247947354,integer,125,100000000: 424; 500000000: 413; 200000000: 405
DYCOL03,30320,80.67214034371972,integer,8,"1: 122,888; 8: 2,885; 5: 292"
DYCOL04,0,100.0,integer,1771,"300000: 9,014; 500000: 7,800; 400000: 6,609"
