Column,Missing_Count,Availability_Ratio,Data_Type,Unique_Values,Frequent_Values
ADDRESS,0,100.0,integer,4867,73108: 11; 73109: 9; 73106: 8
COL1,0,100.0,integer,42,"33189: 1,281; 34170: 1,191; 34148: 881"
COL3,338,95.4957356076759,integer,7,"2: 6,880; 6: 175; 3: 94"
COL4,342,95.44243070362474,integer,3,"0: 6,412; 1: 750"
COL5,563,92.49733475479745,integer,639,5000: 243; 10000: 218; 20000: 208
COL6,6643,11.47388059701493,integer,229,300000: 46; 150000: 31; 200000: 28
