Column,Missing_Count,Availability_Ratio,Data_Type,Unique_Values,Frequent_Values
ADDRESS,0,100.0,integer,4613,1232621: 9; 1233857: 8; 1091001: 8
COL1,0,100.0,integer,42,"33189: 1,164; 34170: 879; 33247: 579"
COL3,179,97.43553008595988,integer,8,"2: 6,720; 6: 39; 3: 28"
COL4,232,96.67621776504298,integer,3,"0: 5,810; 1: 938"
COL5,255,96.34670487106017,integer,665,300000: 220; 20000: 208; 500000: 207
COL6,6550,6.160458452722062,integer,166,1000000: 18; 2000000: 14; 3000000: 12
