Column,Missing_Count,Availability_Ratio,Data_Type,Unique_Values,Frequent_Values
ADDRESS,0,100.0,integer,6123,110092112: 13; 110161174: 11; 123014039: 10
COL1,0,100.0,integer,46,"33190: 1,391; 34239: 840; 34170: 793"
COL3,526,94.38574020706587,integer,6,"1: 8,790; 2: 24; 7: 21"
COL4,608,93.51051339523961,integer,729,1000000: 387; 2000000: 313; 1500000: 276
COL5,8502,9.253922510406664,integer,226,2000000: 35; 3000000: 29; 5000000: 29
