Column,Missing_Count,Availability_Ratio,Data_Type,Unique_Values,Frequent_Values
Address,0,100.0,integer,7219,127102124: 11; 124013064: 10; 128014005: 10
DYCOL01,0,100.0,integer,47,"33190: 1,966; 33214: 1,165; 34239: 929"
DYCOL02,532,95.35938590369854,integer,7,"1: 10,882; 8: 18; 2: 11"
DYCOL03,478,95.83042568039079,string,875,0002000000: 375; 0001000000: 354; 0001500000: 302
DYCOL04,10236,10.71179344033496,string,159,0: 676; 0003000000: 34; 0004000000: 24
