Column,Missing_Count,Availability_Ratio,Data_Type,Unique_Values,Frequent_Values
ADDRESS,0,100.0,integer,7678,128022025: 16; 2153168: 13; 2054088: 11
DYCOL01,0,100.0,integer,48,"33190: 2,274; 33214: 1,306; 34239: 1,068"
DYCOL02,441,96.30281690140845,integer,9,"1: 11,408; 8: 49; 7: 12"
DYCOL03,414,96.5291750503018,integer,842,2000000: 392; 1000000: 340; 1500000: 334
DYCOL04,10805,9.41482226693494,integer,212,0: 379; 10000000: 24; 30000000: 23
