Column,Missing_Count,Availability_Ratio,Data_Type,Unique_Values,Frequent_Values
Address,0,100.0,integer,7090,103034045: 11; 102072075: 10; 10022048: 10
DYCOL01,0,100.0,integer,47,"33190: 2,047; 33214: 1,205; 33112: 1,063"
DYCOL02,435,96.05298974684693,integer,7,"1: 10,441; 8: 130; 2: 7"
DYCOL03,417,96.21631430904637,string,871,0002000000: 347; 0010000000: 334; 0005000000: 327
DYCOL04,10252,6.977588240631527,integer,144,0: 353; 10000000: 18; 20000000: 16
