Column,Missing_Count,Availability_Ratio,Data_Type,Unique_Values,Frequent_Values
Address,0,100.0,integer,8572,1123314005: 10; 1082079003: 10; 2030990004: 10
DYCOL01,0,100.0,integer,48,"34272: 2,824; 33190: 2,369; 33112: 1,200"
DYCOL02,418,96.77817172807153,integer,6,"1: 10,718; 8: 1,813; 3: 22"
DYCOL03,421,96.75504855865577,integer,815,10000000: 962; 5000000: 865; 20000000: 563
DYCOL04,11786,9.156775088638813,integer,213,0: 523; 100000000: 27; 20000000: 25
