Column,Missing_Count,Availability_Ratio,Data_Type,Unique_Values,Frequent_Values
Address,0,100.0,integer,13097,2020196005: 12; 2120136001: 11; 1070101004: 11
DYCOL01,0,100.0,integer,48,"34272: 13,627; 33190: 2,503; 33112: 1,144"
DYCOL02,297,98.73719120710915,integer,8,"1: 15,644; 8: 7,208; 3: 341"
DYCOL03,278,98.8179769548025,integer,720,"20000000: 2,836; 10000000: 2,726; 25000000: 2,294"
DYCOL04,21177,9.957906373570303,integer,141,"0: 1,930; 10000000: 21; 20000000: 15"
