Column,Missing_Count,Availability_Ratio,Data_Type,Unique_Values,Frequent_Values
Address,0,100.0,integer,11414,2070038104: 12; 2020010007: 11; 1070025003: 11
DYCOL01,0,100.0,integer,49,"34272: 9,614; 33190: 2,337; 33214: 1,274"
DYCOL02,265,98.6557776199655,integer,6,"1: 13,911; 8: 5,436; 3: 95"
DYCOL03,247,98.74708329106218,integer,698,"20000000: 2,323; 10000000: 2,045; 15000000: 1,986"
DYCOL04,18828,4.494268032870041,integer,88,0: 726; 100000000: 11; 50000000: 6
