Column,Missing_Count,Availability_Ratio,Data_Type,Unique_Values,Frequent_Values
Address,0,100.0,integer,7863,1290054220: 10; 1000006013: 10; 2240004008: 9
DYCOL01,0,100.0,integer,49,"34272: 4,524; 33190: 1,636; 33214: 1,102"
DYCOL02,231,98.20359281437125,integer,6,"1: 10,110; 8: 2,463; 3: 46"
DYCOL03,4672,63.667470254296596,integer,473,20000000: 829; 10000000: 753; 15000000: 613
DYCOL04,12159,5.443658138268914,integer,135,0: 345; 100000000: 13; 10000000: 13
