Column,Missing_Count,Availability_Ratio,Data_Type,Unique_Values,Frequent_Values
Address,0,100.0,integer,6486,1040034058: 10; 2140035161: 9; 1070067185: 8
DYCOL01,0,100.0,integer,49,"34272: 2,380; 33190: 1,626; 33214: 985"
DYCOL02,240,97.70773638968481,integer,6,"1: 8,993; 8: 1,216; 3: 14"
DYCOL03,3790,63.801337153772685,integer,430,20000000: 599; 10000000: 463; 15000000: 429
DYCOL04,9703,7.325692454632282,integer,144,0: 356; 120000000: 17; 60000000: 15
