Column,Missing_Count,Availability_Ratio,Data_Type,Unique_Values,Frequent_Values
Address,0,100.0,integer,5685,12803608401: 10; 21403325813: 8; 10201045312: 8
DYCOL01,0,100.0,integer,49,"34272: 1,718; 33190: 1,627; 33214: 801"
DYCOL02,152,98.1842073826305,integer,3,"1: 7,344; 8: 875"
DYCOL03,128,98.4709114801099,integer,469,10000000: 719; 20000000: 610; 15000000: 532
DYCOL04,7943,5.112889738382509,integer,98,0: 190; 300000000: 15; 200000000: 13
