Column,Missing_Count,Availability_Ratio,Data_Type,Unique_Values,Frequent_Values
Address,0,100.0,integer,5330,11404320512: 12; 12802605413: 10; 21405329220: 10
DYCOL01,0,100.0,integer,50,"34272: 2,128; 33190: 1,332; 33214: 795"
DYCOL02,200,97.46257295102765,integer,4,"1: 6,594; 8: 1,087; 5: 1"
DYCOL03,180,97.71631565592489,integer,477,10000000: 775; 20000000: 725; 15000000: 636
DYCOL04,7461,5.341283938086782,integer,123,0: 115; 20000000: 16; 30000000: 13
