Column,Missing_Count,Availability_Ratio,Data_Type,Unique_Values,Frequent_Values
Address,0,100.0,integer,4687,20713172525: 8; 10917212123: 8; 10409093629: 8
DYCOL01,0,100.0,integer,49,"34272: 1,882; 33190: 1,130; 33214: 806"
DYCOL02,181,97.29850746268657,integer,5,"1: 5,568; 8: 949; 3: 1"
DYCOL03,172,97.43283582089552,integer,444,10000000: 686; 20000000: 605; 15000000: 583
DYCOL04,6397,4.522388059701488,integer,108,0: 37; 200000000: 13; 150000000: 12
