Column,Missing_Count,Availability_Ratio,Data_Type,Unique_Values,Frequent_Values
Address,0,100.0,integer,4609,20703165425: 8; 20703165424: 7; 21006245325: 6
DYCOL01,0,100.0,integer,49,"34272: 1,757; 33190: 1,132; 33214: 730"
DYCOL02,191,97.08174178762414,integer,3,"1: 5,459; 8: 895"
DYCOL03,179,97.26508785332315,integer,428,10000000: 684; 15000000: 644; 20000000: 595
DYCOL04,6233,4.766997708174181,integer,106,0: 34; 20000000: 16; 70000000: 12
