Column,Missing_Count,Availability_Ratio,Data_Type,Unique_Values,Frequent_Values
Address,0,100.0,integer,5223,10002002829: 9; 12802606238: 7; 12604566941: 7
DYCOL01,0,100.0,integer,50,"34272: 2,239; 33190: 1,301; 33214: 860"
DYCOL02,216,97.18236368379858,integer,6,"1: 6,291; 8: 1,156; 3: 1"
DYCOL03,206,97.31280980954867,integer,465,10000000: 988; 15000000: 771; 20000000: 714
DYCOL04,7269,5.178711192277586,integer,131,0: 53; 100000000: 12; 10000000: 12
