Column,Missing_Count,Availability_Ratio,Data_Type,Unique_Values,Frequent_Values
Address,0,100.0,integer,5612,21408553111: 10; 11903223002: 9; 20205408508: 9
DYCOL01,0,100.0,integer,49,"34272: 2,247; 33190: 1,435; 33214: 1,107"
DYCOL02,235,97.19904648390941,integer,5,"1: 6,989; 8: 1,161; 7: 3"
DYCOL03,231,97.24672228843862,integer,532,"10000000: 1,060; 20000000: 741; 15000000: 701"
DYCOL04,7987,4.8033373063170455,integer,140,0: 31; 150000000: 15; 100000000: 15
