Column,Missing_Count,Availability_Ratio,Data_Type,Unique_Values,Frequent_Values
Address,0,100.0,integer,5001,21307543123: 8; 12801346020: 7; 10712092014: 7
DYCOL01,0,100.0,integer,48,"34272: 2,147; 33190: 1,149; 33214: 891"
DYCOL02,221,96.98869055729664,integer,6,"1: 6,008; 8: 1,104; 7: 4"
DYCOL03,214,97.0840713993732,integer,489,"10000000: 1,011; 15000000: 656; 20000000: 620"
DYCOL04,6934,5.518463005859109,integer,131,0: 40; 200000000: 17; 500000000: 15
